[
  {
    "sku": 43900,
    "name": "Duracell - AAA Batteries (4-Pack)",
    "type": "HardGood",
    "price": 5.49,
    "upc": "041333424019",
    "category": [
      { "id": "pcmcat312300050015", "name": "Connected Home & Housewares" },
      { "id": "pcmcat248700050021", "name": "Housewares" },
      { "id": "pcmcat303600050001", "name": "Household Batteries" },
      { "id": "abcat0208002", "name": "Alkaline Batteries" }
    ],
    "shipping": 5.49,
    "description": "Compatible with select electronic devices; AAA size; DURALOCK Power Preserve technology; 4-pack",
    "manufacturer": "Duracell",
    "model": "MN2400B4Z",
    "url": "http://www.bestbuy.com/site/duracell-aaa-batteries-4-pack/43900.p?id=1051384074145&skuId=43900&cmp=RMXCC",
    "image": "http://img.bbystatic.com/BestBuy_US/images/products/4390/43900_sa.jpg"
  },
  {
    "sku": 48530,
    "name": "Duracell - AA 1.5V CopperTop Batteries (4-Pack)",
    "type": "HardGood",
    "price": 5.49,
    "upc": "041333415017",
    "category": [
      { "id": "pcmcat312300050015", "name": "Connected Home & Housewares" },
      { "id": "pcmcat248700050021", "name": "Housewares" },
      { "id": "pcmcat303600050001", "name": "Household Batteries" },
      { "id": "abcat0208002", "name": "Alkaline Batteries" }
    ],
    "shipping": 5.49,
    "description": "Long-lasting energy; DURALOCK Power Preserve technology; for toys, clocks, radios, games, remotes, PDAs and more",
    "manufacturer": "Duracell",
    "model": "MN1500B4Z",
    "url": "http://www.bestbuy.com/site/duracell-aa-1-5v-coppertop-batteries-4-pack/48530.p?id=1099385268988&skuId=48530&cmp=RMXCC",
    "image": "http://img.bbystatic.com/BestBuy_US/images/products/4853/48530_sa.jpg"
  },
  {
    "sku": 127687,
    "name": "Duracell - AA Batteries (8-Pack)",
    "type": "HardGood",
    "price": 7.49,
    "upc": "041333825014",
    "category": [
      { "id": "pcmcat312300050015", "name": "Connected Home & Housewares" },
      { "id": "pcmcat248700050021", "name": "Housewares" },
      { "id": "pcmcat303600050001", "name": "Household Batteries" },
      { "id": "abcat0208002", "name": "Alkaline Batteries" }
    ],
    "shipping": 5.49,
    "description": "Compatible with select electronic devices; AA size; DURALOCK Power Preserve technology; 8-pack",
    "manufacturer": "Duracell",
    "model": "MN1500B8Z",
    "url": "http://www.bestbuy.com/site/duracell-aa-batteries-8-pack/127687.p?id=1051384045676&skuId=127687&cmp=RMXCC",
    "image": "http://img.bbystatic.com/BestBuy_US/images/products/1276/127687_sa.jpg"
  },
  {
    "sku": 150115,
    "name": "Energizer - MAX Batteries AA (4-Pack)",
    "type": "HardGood",
    "price": 4.99,
    "upc": "039800011329",
    "category": [
      { "id": "pcmcat312300050015", "name": "Connected Home & Housewares" },
      { "id": "pcmcat248700050021", "name": "Housewares" },
      { "id": "pcmcat303600050001", "name": "Household Batteries" },
      { "id": "abcat0208002", "name": "Alkaline Batteries" }
    ],
    "shipping": 5.49,
    "description": "4-pack AA alkaline batteries; battery tester included",
    "manufacturer": "Energizer",
    "model": "E91BP-4",
    "url": "http://www.bestbuy.com/site/energizer-max-batteries-aa-4-pack/150115.p?id=1051384046217&skuId=150115&cmp=RMXCC",
    "image": "http://img.bbystatic.com/BestBuy_US/images/products/1501/150115_sa.jpg"
  },
  {
    "sku": 185230,
    "name": "Duracell - C Batteries (4-Pack)",
    "type": "HardGood",
    "price": 8.99,
    "upc": "041333440019",
    "category": [
      { "id": "pcmcat312300050015", "name": "Connected Home & Housewares" },
      { "id": "pcmcat248700050021", "name": "Housewares" },
      { "id": "pcmcat303600050001", "name": "Household Batteries" },
      { "id": "abcat0208002", "name": "Alkaline Batteries" }
    ],
    "shipping": 5.49,
    "description": "Compatible with select electronic devices; C size; DURALOCK Power Preserve technology; 4-pack",
    "manufacturer": "Duracell",
    "model": "MN1400R4Z",
    "url": "http://www.bestbuy.com/site/duracell-c-batteries-4-pack/185230.p?id=1051384046486&skuId=185230&cmp=RMXCC",
    "image": "http://img.bbystatic.com/BestBuy_US/images/products/1852/185230_sa.jpg"
  },
  {
    "sku": 185267,
    "name": "Duracell - D Batteries (4-Pack)",
    "type": "HardGood",
    "price": 9.99,
    "upc": "041333430010",
    "category": [
      { "id": "pcmcat312300050015", "name": "Connected Home & Housewares" },
      { "id": "pcmcat248700050021", "name": "Housewares" },
      { "id": "pcmcat303600050001", "name": "Household Batteries" },
      { "id": "abcat0208002", "name": "Alkaline Batteries" }
    ],
    "shipping": 5.99,
    "description": "Compatible with select electronic devices; D size; DURALOCK Power Preserve technology; 4-pack",
    "manufacturer": "Duracell",
    "model": "MN1300R4Z",
    "url": "http://www.bestbuy.com/site/duracell-d-batteries-4-pack/185267.p?id=1051384046551&skuId=185267&cmp=RMXCC",
    "image": "http://img.bbystatic.com/BestBuy_US/images/products/1852/185267_sa.jpg"
  },
  {
    "sku": 312290,
    "name": "Duracell - 9V Batteries (2-Pack)",
    "type": "HardGood",
    "price": 7.99,
    "upc": "041333216010",
    "category": [
      { "id": "pcmcat312300050015", "name": "Connected Home & Housewares" },
      { "id": "pcmcat248700050021", "name": "Housewares" },
      { "id": "pcmcat303600050001", "name": "Household Batteries" },
      { "id": "abcat0208002", "name": "Alkaline Batteries" }
    ],
    "shipping": 5.49,
    "description": "Compatible with select electronic devices; alkaline chemistry; 9V size; DURALOCK Power Preserve technology; 2-pack",
    "manufacturer": "Duracell",
    "model": "MN1604B2Z",
    "url": "http://www.bestbuy.com/site/duracell-9v-batteries-2-pack/312290.p?id=1051384050321&skuId=312290&cmp=RMXCC",
    "image": "http://img.bbystatic.com/BestBuy_US/images/products/3122/312290_sa.jpg"
  },
  {
    "sku": 324884,
    "name": "Directed Electronics - Viper Audio Glass Break Sensor",
    "type": "HardGood",
    "price": 39.99,
    "upc": "093207005060",
    "category": [{ "id": "pcmcat113100050015", "name": "Carfi Instore Only" }],
    "shipping": 0,
    "description": "From our expanded online assortment; compatible with Directed Electronics alarm systems; microphone and microprocessor detect and analyze intrusions; detects quiet glass breaks",
    "manufacturer": "Directed Electronics",
    "model": "506T",
    "url": "http://www.bestbuy.com/site/directed-electronics-viper-audio-glass-break-sensor/324884.p?id=1112808077651&skuId=324884&cmp=RMXCC",
    "image": "http://img.bbystatic.com/BestBuy_US/images/products/3248/324884_rc.jpg"
  },
  {
    "sku": 333179,
    "name": "Energizer - N Cell E90 Batteries (2-Pack)",
    "type": "HardGood",
    "price": 5.99,
    "upc": "039800013200",
    "category": [
      { "id": "pcmcat312300050015", "name": "Connected Home & Housewares" },
      { "id": "pcmcat248700050021", "name": "Housewares" },
      { "id": "pcmcat303600050001", "name": "Household Batteries" },
      { "id": "abcat0208006", "name": "Specialty Batteries" }
    ],
    "shipping": 5.49,
    "description": "Alkaline batteries; 1.5V",
    "manufacturer": "Energizer",
    "model": "E90BP-2",
    "url": "http://www.bestbuy.com/site/energizer-n-cell-e90-batteries-2-pack/333179.p?id=1185268509951&skuId=333179&cmp=RMXCC",
    "image": "http://img.bbystatic.com/BestBuy_US/images/products/3331/333179_sa.jpg"
  },
  {
    "sku": 346575,
    "name": "Metra - Radio Installation Dash Kit for Most 1989-2000 Ford, Lincoln & Mercury Vehicles - Black",
    "type": "HardGood",
    "price": 16.99,
    "upc": "086429002757",
    "category": [
      { "id": "abcat0300000", "name": "Car Electronics & GPS" },
      {
        "id": "pcmcat165900050023",
        "name": "Car Installation Parts & Accessories"
      },
      { "id": "pcmcat331600050007", "name": "Car Audio Installation Parts" },
      { "id": "pcmcat165900050031", "name": "Deck Installation Parts" },
      { "id": "pcmcat165900050033", "name": "Dash Installation Kits" }
    ],
    "shipping": 0,
    "description": "From our expanded online assortment; compatible with most 1989-2000 Ford, Lincoln and Mercury vehicles; snap-in TurboKit offers fast installation; spacer/trim ring; rear support bracket",
    "manufacturer": "Metra",
    "model": "99-5512",
    "url": "http://www.bestbuy.com/site/metra-radio-installation-dash-kit-for-most-1989-2000-ford-lincoln-mercury-vehicles-black/346575.p?id=1218118704590&skuId=346575&cmp=RMXCC",
    "image": "http://img.bbystatic.com/BestBuy_US/images/products/3465/346575_rc.jpg"
  },
  {
    "sku": 346646,
    "name": "Metra - Radio Dash Multikit for Select GM Vehicles - Black",
    "type": "HardGood",
    "price": 16.99,
    "upc": "086429003273",
    "category": [
      { "id": "abcat0300000", "name": "Car Electronics & GPS" },
      {
        "id": "pcmcat165900050023",
        "name": "Car Installation Parts & Accessories"
      },
      { "id": "pcmcat331600050007", "name": "Car Audio Installation Parts" },
      { "id": "pcmcat165900050031", "name": "Deck Installation Parts" },
      { "id": "pcmcat165900050033", "name": "Dash Installation Kits" }
    ],
    "shipping": 0,
    "description": "From our expanded online assortment; compatible with select GM vehicles; plastic material",
    "manufacturer": "Metra",
    "model": "99-4500",
    "url": "http://www.bestbuy.com/site/metra-radio-dash-multikit-for-select-gm-vehicles-black/346646.p?id=1210376657731&skuId=346646CC",
    "image": "http://img.bbystatic.com/BestBuy_US/images/products/3466/346646_rc.jpg"
  },
  {
    "sku": 347137,
    "name": "Metra - Wiring Harness for Select 1998-2008 Ford Vehicles - Multicolored",
    "type": "HardGood",
    "price": 16.99,
    "upc": "086429056514",
    "category": [
      { "id": "abcat0300000", "name": "Car Electronics & GPS" },
      {
        "id": "pcmcat165900050023",
        "name": "Car Installation Parts & Accessories"
      },
      { "id": "pcmcat331600050007", "name": "Car Audio Installation Parts" },
      { "id": "pcmcat165900050031", "name": "Deck Installation Parts" },
      { "id": "pcmcat165900050034", "name": "Deck Harnesses" }
    ],
    "shipping": 0,
    "description": "Compatible with select 1998-2008 Ford vehicles; connects an aftermarket radio to a vehicle's harness",
    "manufacturer": "Metra",
    "model": "70-1771",
    "url": "http://www.bestbuy.com/site/metra-wiring-harness-for-select-1998-2008-ford-vehicles-multicolored/347137.p?id=1142290459780&skuId=347137&cmp=RMXCC",
    "image": "http://img.bbystatic.com/BestBuy_US/images/products/9852/9852688_sa.jpg"
  },
  {
    "sku": 347146,
    "name": "Metra - Turbo Wire Aftermarket Radio Wire Harness Adapter for Select Vehicles",
    "type": "HardGood",
    "price": 16.99,
    "upc": "086429056507",
    "category": [
      { "id": "abcat0300000", "name": "Car Electronics & GPS" },
      {
        "id": "pcmcat165900050023",
        "name": "Car Installation Parts & Accessories"
      },
      { "id": "pcmcat331600050007", "name": "Car Audio Installation Parts" },
      { "id": "pcmcat165900050031", "name": "Deck Installation Parts" },
      { "id": "pcmcat165900050034", "name": "Deck Harnesses" }
    ],
    "shipping": 0,
    "description": "Compatible with Honda and Acura vehicles; connects an aftermarket radio to your car's harness",
    "manufacturer": "Metra",
    "model": "70-1721",
    "url": "http://www.bestbuy.com/site/metra-turbo-wire-aftermarket-radio-wire-harness-adapter-for-select-vehicles/347146.p?id=1183160746244&skuId=347146&cmp=RMXCC",
    "image": "http://img.bbystatic.com/BestBuy_US/images/products/3471/347146_rc.jpg"
  },
  {
    "sku": 347155,
    "name": "Metra - Wiring Harness for Most 1986-1998 Honda Acura Vehicles - Multicolored",
    "type": "HardGood",
    "price": 16.99,
    "upc": "086429002597",
    "category": [
      { "id": "abcat0300000", "name": "Car Electronics & GPS" },
      {
        "id": "pcmcat165900050023",
        "name": "Car Installation Parts & Accessories"
      },
      { "id": "pcmcat331600050007", "name": "Car Audio Installation Parts" },
      { "id": "pcmcat165900050031", "name": "Deck Installation Parts" },
      { "id": "pcmcat165900050034", "name": "Deck Harnesses" }
    ],
    "shipping": 0,
    "description": "Compatible with most 1986-1998 Honda Acura vehicles; connects an aftermarket radio to a vehicle's harness",
    "manufacturer": "Metra",
    "model": "70-1720",
    "url": "http://www.bestbuy.com/site/metra-wiring-harness-for-most-1986-1998-honda-acura-vehicles-multicolored/347155.p?id=1142292396747&skuId=347155&cmp=RMXCC",
    "image": "http://img.bbystatic.com/BestBuy_US/images/products/3471/347155_rc.jpg"
  },
  {
    "sku": 347333,
    "name": "METRA - Antenna Cable Adapter - Black",
    "type": "HardGood",
    "price": 13.99,
    "upc": "086429007189",
    "category": [
      { "id": "abcat0300000", "name": "Car Electronics & GPS" },
      {
        "id": "pcmcat165900050023",
        "name": "Car Installation Parts & Accessories"
      },
      { "id": "pcmcat331600050007", "name": "Car Audio Installation Parts" },
      { "id": "pcmcat165900050031", "name": "Deck Installation Parts" },
      { "id": "pcmcat165900050032", "name": "Antennas & Adapters" }
    ],
    "shipping": 0,
    "description": "Compatible with select 1988-2005 vehicles; adapts an aftermarket antenna to OEM radios; flat plug",
    "manufacturer": "METRA",
    "model": "40VW10",
    "url": "http://www.bestbuy.com/site/metra-antenna-cable-adapter-black/347333.p?id=1169512349334&skuId=347333&cmp=RMXCC",
    "image": "http://img.bbystatic.com/BestBuy_US/images/products/3473/347333_sa.jpg"
  },
  {
    "sku": 349572,
    "name": "INSTALL - PORTABLE RADAR DETECTOR INST",
    "type": "HardGood",
    "price": 29.99,
    "upc": "400003495726",
    "category": [{ "id": "pcmcat298100050010", "name": "In-Store Only" }],
    "shipping": "",
    "description": "PORTABLE RADAR DETECTOR INST",
    "manufacturer": "INSTALL",
    "model": "PRT RDR IN",
    "url": "http://www.bestbuy.com/site/install-portable-radar-detector-inst/349572.p?id=1218019625086&skuId=349572&cmp=RMXCC",
    "image": "http://img.bbystatic.com/BestBuy_US/images/products/nonsku/default_hardlines_m.gif"
  },
  {
    "sku": 373642,
    "name": "Jensen - 3.6V NiCad Battery for 900MHz Phones",
    "type": "HardGood",
    "price": 19.99,
    "upc": "044476085840",
    "category": [
      { "id": "pcmcat312300050015", "name": "Connected Home & Housewares" },
      { "id": "abcat0802000", "name": "Telephones & Communication" },
      { "id": "abcat0811011", "name": "Telephone Accessories" },
      { "id": "abcat0811012", "name": "Cordless Phone Batteries" }
    ],
    "shipping": 5.49,
    "description": "Rechargeable 3.6V 300 mAh NiCad battery for GE 2-9614 model cordless phones",
    "manufacturer": "Jensen",
    "model": "P-3303",
    "url": "http://www.bestbuy.com/site/jensen-3-6v-nicad-battery-for-900mhz-phones/373642.p?id=1051384793767&skuId=373642&cmp=RMXCC",
    "image": "http://img.bbystatic.com/BestBuy_US/images/products/3736/373642_rc.jpg"
  },
  {
    "sku": 478398,
    "name": "Metra - Radio Installation Dash Kit for Select Ford, Mazda and Mercury Vehicles (Pair) - Black",
    "type": "HardGood",
    "price": 16.99,
    "upc": "086429018871",
    "category": [
      { "id": "abcat0300000", "name": "Car Electronics & GPS" },
      {
        "id": "pcmcat165900050023",
        "name": "Car Installation Parts & Accessories"
      },
      { "id": "pcmcat331600050007", "name": "Car Audio Installation Parts" },
      { "id": "pcmcat165900050031", "name": "Deck Installation Parts" },
      { "id": "pcmcat165900050033", "name": "Dash Installation Kits" }
    ],
    "shipping": 0,
    "description": "From our expanded online assortment; compatible with select Ford, Mazda and Mercury vehicles; allows the installation of an aftermarket radio into the factory dash location; high-grade ABS plastic material",
    "manufacturer": "Metra",
    "model": "99-5600",
    "url": "http://www.bestbuy.com/site/metra-radio-installation-dash-kit-for-select-ford-mazda-and-mercury-vehicles-pair-black/478398.p?id=1185268614282&skuId=478398&cmp=RMXCC",
    "image": "http://img.bbystatic.com/BestBuy_US/images/products/4783/478398_rc.jpg"
  },
  {
    "sku": 612732,
    "name": "Metra - 1/4\" DIN Trim Ring for Most Vehicles",
    "type": "HardGood",
    "price": 10.99,
    "upc": "086429005536",
    "category": [
      { "id": "abcat0300000", "name": "Car Electronics & GPS" },
      {
        "id": "pcmcat165900050023",
        "name": "Car Installation Parts & Accessories"
      },
      { "id": "pcmcat331600050007", "name": "Car Audio Installation Parts" },
      { "id": "pcmcat165900050031", "name": "Deck Installation Parts" },
      { "id": "pcmcat165900050033", "name": "Dash Installation Kits" }
    ],
    "shipping": 0,
    "description": "Compatible with most vehicles; designed for the installation of an aftermarket radio",
    "manufacturer": "Metra",
    "model": "89-30-0250",
    "url": "http://www.bestbuy.com/site/metra-1-4-din-trim-ring-for-most-vehicles/612732.p?id=1179531744934&skuId=612732&cmp=RMXCC",
    "image": "http://img.bbystatic.com/BestBuy_US/images/products/6127/612732_sa.jpg"
  },
  {
    "sku": 643600,
    "name": "Metra - Turbowire Radio Harness Adapter for Select Jeep Vehicles",
    "type": "HardGood",
    "price": 16.99,
    "upc": "086429003341",
    "category": [
      { "id": "abcat0300000", "name": "Car Electronics & GPS" },
      {
        "id": "pcmcat165900050023",
        "name": "Car Installation Parts & Accessories"
      },
      { "id": "pcmcat331600050007", "name": "Car Audio Installation Parts" },
      { "id": "pcmcat165900050031", "name": "Deck Installation Parts" },
      { "id": "pcmcat165900050034", "name": "Deck Harnesses" }
    ],
    "shipping": 0,
    "description": "Compatible with select Jeep vehicles; ABS and vinyl construction; colored-coded wires",
    "manufacturer": "Metra",
    "model": "70-1002",
    "url": "http://www.bestbuy.com/site/metra-turbowire-radio-harness-adapter-for-select-jeep-vehicles/643600.p?id=1183160746436&skuId=643600&cmp=RMXCC",
    "image": "http://img.bbystatic.com/BestBuy_US/images/products/6436/643600_rc.jpg"
  },
  {
    "sku": 643628,
    "name": "Metra - Speaker Connector for Select Volkswagen Vehicles",
    "type": "HardGood",
    "price": 16.99,
    "upc": "086429113255",
    "category": [
      { "id": "abcat0300000", "name": "Car Electronics & GPS" },
      {
        "id": "pcmcat165900050023",
        "name": "Car Installation Parts & Accessories"
      },
      { "id": "pcmcat331600050007", "name": "Car Audio Installation Parts" },
      { "id": "pcmcat165900050031", "name": "Deck Installation Parts" },
      { "id": "pcmcat165900050034", "name": "Deck Harnesses" }
    ],
    "shipping": 0,
    "description": "Compatible with select Volkswagen vehicles; connects a speaker to the vehicle's stereo; easy installation",
    "manufacturer": "Metra",
    "model": "VW-9000",
    "url": "http://www.bestbuy.com/site/metra-speaker-connector-for-select-volkswagen-vehicles/643628.p?id=1183160746500&skuId=643628&cmp=RMXCC",
    "image": "http://img.bbystatic.com/BestBuy_US/images/products/6436/643628_rc.jpg"
  },
  {
    "sku": 643691,
    "name": "Metra - Speaker Connector for Select Mitsubishi and Chrysler Vehicles",
    "type": "HardGood",
    "price": 19.99,
    "upc": "086429002528",
    "category": [
      { "id": "abcat0300000", "name": "Car Electronics & GPS" },
      {
        "id": "pcmcat165900050023",
        "name": "Car Installation Parts & Accessories"
      },
      { "id": "pcmcat331600050007", "name": "Car Audio Installation Parts" },
      { "id": "pcmcat165900050031", "name": "Deck Installation Parts" },
      { "id": "pcmcat165900050034", "name": "Deck Harnesses" }
    ],
    "shipping": 0,
    "description": "From our expanded online assortment; compatible with 1987 - 1993 Mitsubishi and Chrysler vehicles; color-coded wires",
    "manufacturer": "Metra",
    "model": "70-1743",
    "url": "http://www.bestbuy.com/site/metra-speaker-connector-for-select-mitsubishi-and-chrysler-vehicles/643691.p?id=1218019642861&skuId=643691&cmp=RMXCC",
    "image": "http://img.bbystatic.com/BestBuy_US/images/products/6436/643691_rc.jpg"
  },
  {
    "sku": 643717,
    "name": "Metra - Wiring Harness for Most 1990-2001 Mazda Vehicles - Multicolored",
    "type": "HardGood",
    "price": 16.99,
    "upc": "086429002627",
    "category": [
      { "id": "abcat0300000", "name": "Car Electronics & GPS" },
      {
        "id": "pcmcat165900050023",
        "name": "Car Installation Parts & Accessories"
      },
      { "id": "pcmcat331600050007", "name": "Car Audio Installation Parts" },
      { "id": "pcmcat165900050031", "name": "Deck Installation Parts" },
      { "id": "pcmcat165900050034", "name": "Deck Harnesses" }
    ],
    "shipping": 0,
    "description": "Compatible with most 1990-2001 Mazda vehicles; connects an aftermarket radio to a vehicle's harness",
    "manufacturer": "Metra",
    "model": "70-7901",
    "url": "http://www.bestbuy.com/site/metra-wiring-harness-for-most-1990-2001-mazda-vehicles-multicolored/643717.p?id=1142291937563&skuId=643717&cmp=RMXCC",
    "image": "http://img.bbystatic.com/BestBuy_US/images/products/6437/643717_rc.jpg"
  },
  {
    "sku": 673890,
    "name": "Metra - Professional Installer Series TurboKit",
    "type": "HardGood",
    "price": 16.99,
    "upc": "086429003792",
    "category": [
      { "id": "abcat0300000", "name": "Car Electronics & GPS" },
      {
        "id": "pcmcat165900050023",
        "name": "Car Installation Parts & Accessories"
      },
      { "id": "pcmcat331600050007", "name": "Car Audio Installation Parts" },
      { "id": "pcmcat165900050031", "name": "Deck Installation Parts" },
      { "id": "pcmcat165900050033", "name": "Dash Installation Kits" }
    ],
    "shipping": 0,
    "description": "From our expanded online assortment; compatible with select Chevrolet, Geo and Suzuki vehicles; allows installation of an aftermarket radio; provision for a 1/4\" or 1/2\" DIN equalizer; mounts precisely to OEM radio mounting positions",
    "manufacturer": "Metra",
    "model": "99-3410",
    "url": "http://www.bestbuy.com/site/metra-professional-installer-series-turbokit/673890.p?id=1118842643714&skuId=673890&cmp=RMXCC",
    "image": "http://img.bbystatic.com/BestBuy_US/images/products/9852/9852688_sa.jpg"
  },
  {
    "sku": 677379,
    "name": "Metra - Wiring Harness for Most 1987 and Later Toyota Scion Vehicles - Multicolored",
    "type": "HardGood",
    "price": 16.99,
    "upc": "086429002658",
    "category": [
      { "id": "abcat0300000", "name": "Car Electronics & GPS" },
      {
        "id": "pcmcat165900050023",
        "name": "Car Installation Parts & Accessories"
      },
      { "id": "pcmcat331600050007", "name": "Car Audio Installation Parts" },
      { "id": "pcmcat165900050031", "name": "Deck Installation Parts" },
      { "id": "pcmcat165900050034", "name": "Deck Harnesses" }
    ],
    "shipping": 0,
    "description": "Compatible with most 1987 and later Toyota Scion vehicles; connects an aftermarket radio to a vehicle's harness",
    "manufacturer": "Metra",
    "model": "70-1761",
    "url": "http://www.bestbuy.com/site/metra-wiring-harness-for-most-1987-and-later-toyota-scion-vehicles-multicolored/677379.p?id=1142292397025&skuId=677379&cmp=RMXCC",
    "image": "http://img.bbystatic.com/BestBuy_US/images/products/6773/677379_rc.jpg"
  },
  {
    "sku": 1002651,
    "name": "Polk Audio - 12\" Single-Voice-Coil 4-Ohm Subwoofer - Black",
    "type": "HardGood",
    "price": 99.99,
    "upc": "747192120672",
    "category": [
      { "id": "abcat0300000", "name": "Car Electronics & GPS" },
      { "id": "abcat0302000", "name": "Car Audio" },
      { "id": "abcat0302034", "name": "Car Subwoofers & Enclosures" },
      { "id": "abcat0302037", "name": "Car Subwoofers" }
    ],
    "shipping": 0,
    "description": "720W peak power handling; Klippel-optimized driver components; polymer woofer cone; butyl rubber surround",
    "manufacturer": "Polk Audio",
    "model": "DXi124 SVC",
    "url": "http://www.bestbuy.com/site/polk-audio-12-single-voice-coil-4-ohm-subwoofer-black/1002651.p?id=1218207304075&skuId=1002651&cmp=RMXCC",
    "image": "http://img.bbystatic.com/BestBuy_US/images/products/1002/1002651_sa.jpg"
  },
  {
    "sku": 1003003,
    "name": "Hard Rock TrackPak - Mac",
    "type": "Software",
    "price": 29.99,
    "upc": "884088157425",
    "category": [
      { "id": "abcat0207000", "name": "Musical Instruments" },
      { "id": "pcmcat152100050020", "name": "Recording Equipment" },
      { "id": "pcmcat152100050026", "name": "Sound Recording Software" }
    ],
    "shipping": 5.49,
    "description": "HAL LEONARD Hard Rock TrackPak: Features 12 hard rock and metal Apple Loops; compatible with GarageBand; includes guitars, bass, drums and synth parts",
    "manufacturer": "Hal Leonard",
    "model": "631384",
    "url": "http://www.bestbuy.com/site/hard-rock-trackpak-mac/1003003.p?id=1219460773621&skuId=1003003CC",
    "image": "http://img.bbystatic.com/BestBuy_US/images/products/1003/1003003_sa.jpg"
  },
  {
    "sku": 1003012,
    "name": "Aquarius - Fender Playing Cards Gift Tin - Red/Black",
    "type": "HardGood",
    "price": 13.99,
    "upc": "840391103474",
    "category": [
      { "id": "pcmcat252700050006", "name": "Toys, Games & Drones" },
      { "id": "pcmcat244200050008", "name": "TV, Movie & Character Toys" },
      { "id": "pcmcat313400050000", "name": "Music Memorabilia" }
    ],
    "shipping": 5.49,
    "description": "AQUARIUS Fender Playing Cards Gift Tin: 2 decks; hinged gift tin; 52 different images per deck",
    "manufacturer": "Aquarius",
    "model": "104048",
    "url": "http://www.bestbuy.com/site/aquarius-fender-playing-cards-gift-tin-red-black/1003012.p?id=1219460762329&skuId=1003012CC",
    "image": "http://img.bbystatic.com/BestBuy_US/images/products/1003/1003012_sa.jpg"
  },
  {
    "sku": 1003021,
    "name": "LoDuca Bros Inc - Deluxe Keyboard Bench - Black",
    "type": "HardGood",
    "price": 79.99,
    "upc": "013148475753",
    "category": [
      { "id": "abcat0207000", "name": "Musical Instruments" },
      { "id": "abcat0208024", "name": "Musical Instrument Accessories" },
      { "id": "pcmcat151600050042", "name": "Keyboard Accessories" }
    ],
    "shipping": 0,
    "description": "LODUCA BROS. INC. Deluxe Keyboard Bench: Metal base; 13\" x 24\" padded seat; cross brace for support; adjusts to 3 different heights; can fit up to 2 people; folding design",
    "manufacturer": "LoDuca Bros Inc",
    "model": "47575",
    "url": "http://www.bestbuy.com/site/loduca-bros-inc-deluxe-keyboard-bench-black/1003021.p?id=1219460755391&skuId=1003021&cmp=RMXCC",
    "image": "http://img.bbystatic.com/BestBuy_US/images/products/1003/1003021_sa.jpg"
  },
  {
    "sku": 1003049,
    "name": "Trumpet Multimedia - Trumpets That Work 2015 Calendar - Black",
    "type": "HardGood",
    "price": 23.95,
    "upc": "888680029050",
    "category": [
      { "id": "pcmcat252700050006", "name": "Toys, Games & Drones" },
      { "id": "pcmcat244200050008", "name": "TV, Movie & Character Toys" },
      { "id": "pcmcat287400050019", "name": "More Pop Culture Merchandise" }
    ],
    "shipping": 5.49,
    "description": "TRUMPET MULTIMEDIA Trumpets That Work 2015 Calendar: 2015 calendar; Trumpets That Work design",
    "manufacturer": "Trumpet Multimedia",
    "model": "137869",
    "url": "http://www.bestbuy.com/site/trumpet-multimedia-trumpets-that-work-2015-calendar-black/1003049.p?id=1219460775571&skuId=1003049CC",
    "image": "http://img.bbystatic.com/BestBuy_US/images/products/1003/1003049_sa.jpg"
  },
  {
    "sku": 1003067,
    "name": "Pro Tools Tier 1 Audio Plug-In for PC and Mac Activation Card - Windows|Mac",
    "type": "Software",
    "price": 99,
    "upc": "724643116026",
    "category": [
      { "id": "abcat0207000", "name": "Musical Instruments" },
      { "id": "pcmcat152100050020", "name": "Recording Equipment" },
      { "id": "pcmcat152100050026", "name": "Sound Recording Software" }
    ],
    "shipping": 0,
    "description": "AVID Pro Tools Tier 1 Audio Plug-In for PC and Mac Activation Card: Compatible with PC and Mac; redeemable for a (TL) Aggro, Bruno/Reso, Cosmonaut Voice, DINR, (TL) Drum Rehab, (TL) EveryPhase, Reel Tape Saturation or other Avid Tier 1-level plug-in",
    "manufacturer": "Avid",
    "model": "99006543700",
    "url": "http://www.bestbuy.com/site/pro-tools-tier-1-audio-plug-in-for-pc-and-mac-activation-card-windowsmac/1003067.p?id=1219460762559&skuId=1003067CC",
    "image": "http://img.bbystatic.com/BestBuy_US/images/products/1003/1003067_sa.jpg"
  },
  {
    "sku": 1003076,
    "name": "M-Audio - BX8 D2 Studio Monitors (Pair) - Black",
    "type": "HardGood",
    "price": 599.95,
    "upc": "724643114053",
    "category": [
      { "id": "abcat0207000", "name": "Musical Instruments" },
      { "id": "pcmcat152100050035", "name": "Microphones & Live Sound" },
      { "id": "pcmcat152200050008", "name": "Live Sound Speakers" },
      { "id": "pcmcat152200050009", "name": "Speaker Monitors" }
    ],
    "shipping": 0,
    "description": "M-AUDIO BX8 D2 Studio Monitors (Pair): Custom Class AB analog amplifiers; woven low-frequency driver; waveguide-loaded silk-dome tweeter; XLR and 1/4\" inputs",
    "manufacturer": "M-Audio",
    "model": "99006517500",
    "url": "http://www.bestbuy.com/site/m-audio-bx8-d2-studio-monitors-pair-black/1003076.p?id=1219460756365&skuId=1003076CC",
    "image": "http://img.bbystatic.com/BestBuy_US/images/products/1003/1003076_sa.jpg"
  },
  {
    "sku": 1003085,
    "name": "Aquarius - Grateful Dead Skull Logo Chunky Magnet - Red/White/Blue",
    "type": "HardGood",
    "price": 5.99,
    "upc": "184709950580",
    "category": [
      { "id": "pcmcat252700050006", "name": "Toys, Games & Drones" },
      { "id": "pcmcat244200050008", "name": "TV, Movie & Character Toys" },
      { "id": "pcmcat287400050019", "name": "More Pop Culture Merchandise" }
    ],
    "shipping": 5.49,
    "description": "AQUARIUS Grateful Dead Skull Logo Chunky Magnet: Features the iconic Grateful Dead skull logo; magnet; chunky design",
    "manufacturer": "Aquarius",
    "model": "95058",
    "url": "http://www.bestbuy.com/site/aquarius-grateful-dead-skull-logo-chunky-magnet-red-white-blue/1003085.p?id=1219460769143&skuId=1003085CC",
    "image": "http://img.bbystatic.com/BestBuy_US/images/products/1003/1003085_sa.jpg"
  },
  {
    "sku": 1003109,
    "name": "Alesis - AcousticLink Guitar Recording Pack - White",
    "type": "HardGood",
    "price": 79,
    "upc": "694318010211",
    "category": [
      { "id": "abcat0207000", "name": "Musical Instruments" },
      { "id": "pcmcat152100050020", "name": "Recording Equipment" },
      { "id": "pcmcat152100050022", "name": "Audio Interfaces" }
    ],
    "shipping": 0,
    "description": "ALESIS AcousticLink Guitar Recording Pack: Compatible with most guitars with a 1/4\" connector; built-in analog-to-digital conversion; includes a 16.5' GuitarLink 1/4\"-to-USB cable, no-drill acoustic guitar pickup and Cubase LE recording software",
    "manufacturer": "Alesis",
    "model": "ACOUSTICLIN",
    "url": "http://www.bestbuy.com/site/alesis-acousticlink-guitar-recording-pack-white/1003109.p?id=1219460761542&skuId=1003109&cmp=RMXCC",
    "image": "http://img.bbystatic.com/BestBuy_US/images/products/1003/1003109_sa.jpg"
  },
  {
    "sku": 1003127,
    "name": "Modern Rock TrackPak - Mac",
    "type": "Software",
    "price": 29.95,
    "upc": "073999891799",
    "category": [
      { "id": "abcat0207000", "name": "Musical Instruments" },
      { "id": "pcmcat152100050020", "name": "Recording Equipment" },
      { "id": "pcmcat152100050026", "name": "Sound Recording Software" }
    ],
    "shipping": 5.49,
    "description": "HAL LEONARD Modern Rock TrackPak: Features 12 modern rock Apple Loops; compatible with GarageBand; includes complete songs, plus individual loops, beats, grooves and riffs for each song's instruments",
    "manufacturer": "Hal Leonard",
    "model": "740314",
    "url": "http://www.bestbuy.com/site/modern-rock-trackpak-mac/1003127.p?id=1219460761655&skuId=1003127CC",
    "image": "http://img.bbystatic.com/BestBuy_US/images/products/1003/1003127_sa.jpg"
  },
  {
    "sku": 1003136,
    "name": "1970s Rock TrackPak - Mac",
    "type": "Software",
    "price": 29.99,
    "upc": "884088157449",
    "category": [
      { "id": "abcat0207000", "name": "Musical Instruments" },
      { "id": "pcmcat152100050020", "name": "Recording Equipment" },
      { "id": "pcmcat152100050026", "name": "Sound Recording Software" }
    ],
    "shipping": 5.49,
    "description": "HAL LEONARD 1970s Rock TrackPak: Features 12 classic rock songs; compatible with GarageBand; includes loops for each instrument",
    "manufacturer": "Hal Leonard",
    "model": "631386",
    "url": "http://www.bestbuy.com/site/1970s-rock-trackpak-mac/1003136.p?id=1219460771903&skuId=1003136CC",
    "image": "http://img.bbystatic.com/BestBuy_US/images/products/1003/1003136_sa.jpg"
  },
  {
    "sku": 1003145,
    "name": "LoDuca Bros Inc - Professional Digital Photo Studio Kit - Black/White/Blue",
    "type": "HardGood",
    "price": 49.99,
    "upc": "013148051254",
    "category": [
      { "id": "abcat0207000", "name": "Musical Instruments" },
      { "id": "abcat0208024", "name": "Musical Instrument Accessories" },
      {
        "id": "pcmcat157700050041",
        "name": "Other Musical Instrument Accessories"
      }
    ],
    "shipping": 0,
    "description": "LODUCA BROS INC Professional Digital Photo Studio Kit: Lets you take professional-quality photos; includes 2 high-output tabletop lights, a 16\" cubed soft-lighting frame and an adjustable mini tabletop tripod; multicompartment, padded carrying case",
    "manufacturer": "LoDuca Bros Inc",
    "model": "5125",
    "url": "http://www.bestbuy.com/site/loduca-bros-inc-professional-digital-photo-studio-kit-black-white-blue/1003145.p?id=1219460763926&skuId=1003145CC",
    "image": "http://img.bbystatic.com/BestBuy_US/images/products/1003/1003145_rc.jpg"
  },
  {
    "sku": 1003163,
    "name": "Groovy Shapes Volume 1 - Windows|Mac",
    "type": "Software",
    "price": 69.95,
    "upc": "884088084479",
    "category": [
      { "id": "abcat0207000", "name": "Musical Instruments" },
      { "id": "pcmcat152100050020", "name": "Recording Equipment" },
      { "id": "pcmcat152100050026", "name": "Sound Recording Software" }
    ],
    "shipping": 0,
    "description": "SIBELIUS Groovy Shapes Volume 1: Teaches the basics of sound, rhythm, pitch and composition; guides students through progressive exercises; lets students create original music; for ages 5 to 7 years",
    "manufacturer": "Sibelius",
    "model": "99104241500",
    "url": "http://www.bestbuy.com/site/groovy-shapes-volume-1-windowsmac/1003163.p?id=1219460764898&skuId=1003163CC",
    "image": "http://img.bbystatic.com/BestBuy_US/images/pac/products/1312/1312451498/1312451498_sa.jpg"
  },
  {
    "sku": 1003172,
    "name": "PreSonus - AudioBox iTwo Recording System - Blue/Gray",
    "type": "HardGood",
    "price": 159.99,
    "upc": "673454002939",
    "category": [
      { "id": "abcat0207000", "name": "Musical Instruments" },
      { "id": "pcmcat152100050020", "name": "Recording Equipment" },
      { "id": "pcmcat152100050022", "name": "Audio Interfaces" }
    ],
    "shipping": 0,
    "description": "PRESONUS AudioBox iTwo Recording System: Compatible with Apple iPad, Windows and Mac recording software; 2 combo microphone/line/instrument inputs; Class A microphone preamplifier; balanced TRS monitor output; MIDI I/O; 24-bit/96kHz converters",
    "manufacturer": "PreSonus",
    "model": "ABXITWO",
    "url": "http://www.bestbuy.com/site/presonus-audiobox-itwo-recording-system-blue-gray/1003172.p?id=1219460769814&skuId=1003172&cmp=RMXCC",
    "image": "http://img.bbystatic.com/BestBuy_US/images/products/1003/1003172_sa.jpg"
  },
  {
    "sku": 1003214,
    "name": "PreSonus - AudioBox iOne Recording System - Blue/Gray",
    "type": "HardGood",
    "price": 159.95,
    "upc": "673454002922",
    "category": [
      { "id": "abcat0207000", "name": "Musical Instruments" },
      { "id": "pcmcat152100050020", "name": "Recording Equipment" },
      { "id": "pcmcat152100050022", "name": "Audio Interfaces" }
    ],
    "shipping": 0,
    "description": "PRESONUS AudioBox iOne Recording System: Compatible with Apple iPad, Windows and Mac recording software; instrument and microphone inputs; Class A microphone preamplifier; balanced TRS monitor output; 24-bit/96kHz converters",
    "manufacturer": "PreSonus",
    "model": "ABXIONE",
    "url": "http://www.bestbuy.com/site/presonus-audiobox-ione-recording-system-blue-gray/1003214.p?id=1219460761184&skuId=1003214&cmp=RMXCC",
    "image": "http://img.bbystatic.com/BestBuy_US/images/products/1003/1003214_sa.jpg"
  },
  {
    "sku": 1003232,
    "name": "Aquarius - Grateful Dead Bear Logo Chunky Magnet - Green/Yellow/Blue/Purple/Red/Orange/Black",
    "type": "HardGood",
    "price": 5.99,
    "upc": "184709950603",
    "category": [
      { "id": "pcmcat252700050006", "name": "Toys, Games & Drones" },
      { "id": "pcmcat244200050008", "name": "TV, Movie & Character Toys" },
      { "id": "pcmcat287400050019", "name": "More Pop Culture Merchandise" }
    ],
    "shipping": 5.49,
    "description": "AQUARIUS Grateful Dead Bear Logo Chunky Magnet: Tie-dyed Grateful Dead bear logo; chunky design",
    "manufacturer": "Aquarius",
    "model": "95060",
    "url": "http://www.bestbuy.com/site/aquarius-grateful-dead-bear-logo-chunky-magnet-green-yellow-blue-purple-red-orange-black/1003232.p?id=1219460765073&skuId=1003232CC",
    "image": "http://img.bbystatic.com/BestBuy_US/images/products/1003/1003232_sa.jpg"
  },
  {
    "sku": 1003269,
    "name": "Addictive Keys: Studio Collection - Mac|Windows",
    "type": "Software",
    "price": 179,
    "upc": "884088867195",
    "category": [
      { "id": "abcat0207000", "name": "Musical Instruments" },
      { "id": "pcmcat152100050020", "name": "Recording Equipment" },
      { "id": "pcmcat152100050026", "name": "Sound Recording Software" }
    ],
    "shipping": 0,
    "description": "XLN AUDIO Addictive Keys: Studio Collection: Ideal for music producers and musicians; features virtual keyboard instruments; compatible with newer major hosts and DAWs",
    "manufacturer": "XLN Audio",
    "model": "XL2001SN",
    "url": "http://www.bestbuy.com/site/addictive-keys-studio-collection-macwindows/1003269.p?id=1219460752588&skuId=1003269CC",
    "image": "http://img.bbystatic.com/BestBuy_US/images/products/1003/1003269_sa.jpg"
  },
  {
    "sku": 1003278,
    "name": "Pro Tools Tier 2 Audio Plug-In for PC and Mac Activation Card - Windows|Mac",
    "type": "Software",
    "price": 299,
    "upc": "724643116033",
    "category": [
      { "id": "abcat0207000", "name": "Musical Instruments" },
      { "id": "pcmcat152100050020", "name": "Recording Equipment" },
      { "id": "pcmcat152100050026", "name": "Sound Recording Software" }
    ],
    "shipping": 0,
    "description": "AVID Pro Tools Tier 2 Audio Plug-In for PC and Mac Activation Card: Compatible with PC and Mac; redeemable for a Classic Compressors Bundle, Focusrite d2/d3, Impact, JOEMEEK Bundle, Moogerfooger Bundle or other Avid Tier 2-level plug-in",
    "manufacturer": "Avid",
    "model": "99006543800",
    "url": "http://www.bestbuy.com/site/pro-tools-tier-2-audio-plug-in-for-pc-and-mac-activation-card-windowsmac/1003278.p?id=1219460772921&skuId=1003278CC",
    "image": "http://img.bbystatic.com/BestBuy_US/images/products/1003/1003278_sa.jpg"
  },
  {
    "sku": 1003287,
    "name": "Korg - nanoKey2 25-Key USB MIDI Controller - White/Gray",
    "type": "HardGood",
    "price": 49.99,
    "upc": "884088605926",
    "category": [
      { "id": "abcat0207000", "name": "Musical Instruments" },
      { "id": "pcmcat151600050037", "name": "Keyboards" },
      { "id": "pcmcat151600050039", "name": "Midi Keyboards & Controllers" }
    ],
    "shipping": 0,
    "description": "KORG nanoKey2 25-Key USB MIDI Controller: USB MIDI connectivity; 25 velocity-sensitive keys; compatible with the Korg microKEY; PC and Mac compatible",
    "manufacturer": "Korg",
    "model": "750403",
    "url": "http://www.bestbuy.com/site/korg-nanokey2-25-key-usb-midi-controller-white-gray/1003287.p?id=1219460771659&skuId=1003287&cmp=RMXCC",
    "image": "http://img.bbystatic.com/BestBuy_US/images/products/1003/1003287_sa.jpg"
  },
  {
    "sku": 1003296,
    "name": "M-Audio - Nova Condenser Microphone - Silver",
    "type": "HardGood",
    "price": 99.99,
    "upc": "694318014851",
    "category": [
      { "id": "abcat0207000", "name": "Musical Instruments" },
      { "id": "pcmcat152100050035", "name": "Microphones & Live Sound" },
      { "id": "pcmcat251600050003", "name": "Microphones & Accessories" },
      { "id": "pcmcat152100050038", "name": "Microphones" }
    ],
    "shipping": 0,
    "description": "M-AUDIO Nova Condenser Microphone: 1.1\" evaporated gold diaphragm; solid brass body and capsule; 20Hz - 18kHz frequency response; hard mount and soft case included",
    "manufacturer": "M-Audio",
    "model": "NOVA",
    "url": "http://www.bestbuy.com/site/m-audio-nova-condenser-microphone-silver/1003296.p?id=1219460764049&skuId=1003296CC",
    "image": "http://img.bbystatic.com/BestBuy_US/images/products/1003/1003296_sa.jpg"
  },
  {
    "sku": 1003319,
    "name": "IK Multimedia - iRig Stomp - Black",
    "type": "HardGood",
    "price": 59.99,
    "upc": "884088652456",
    "category": [
      { "id": "abcat0207000", "name": "Musical Instruments" },
      { "id": "abcat0208024", "name": "Musical Instrument Accessories" },
      { "id": "pcmcat152100050033", "name": "DJ Equipment Accessories" }
    ],
    "shipping": 0,
    "description": "IK MULTIMEDIA iRig Stomp: Compatible with select Apple iPhone, iPad and iPod touch models, Android and Mac computers; allows use inline with other effects pedals and more; active battery-powered output circuit",
    "manufacturer": "IK Multimedia",
    "model": "IRIGSTOMPIN",
    "url": "http://www.bestbuy.com/site/ik-multimedia-irig-stomp-black/1003319.p?id=1219460771904&skuId=1003319&cmp=RMXCC",
    "image": "http://img.bbystatic.com/BestBuy_US/images/products/1003/1003319_sa.jpg"
  },
  {
    "sku": 1003328,
    "name": "IK Multimedia - iKlip Xpand Microphone Stand Mount - Black",
    "type": "HardGood",
    "price": 49.99,
    "upc": "888680030773",
    "category": [
      { "id": "abcat0207000", "name": "Musical Instruments" },
      { "id": "pcmcat152100050020", "name": "Recording Equipment" },
      { "id": "pcmcat205700050037", "name": "Recording Furniture & Stands" },
      { "id": "pcmcat251600050005", "name": "Recording & Music Stands" }
    ],
    "shipping": 0,
    "description": "IK MULTIMEDIA iKlip Xpand Microphone Stand Mount: Compatible with most tablets from 7\" to 12.1\"; adjustable holder with 4 expandable grips; 2 sure-grip rubber gripping points; rubber padded base; ball joint; smart bracket design; iKlip Stage app",
    "manufacturer": "IK Multimedia",
    "model": "IKLIPXPANDIN",
    "url": "http://www.bestbuy.com/site/ik-multimedia-iklip-xpand-microphone-stand-mount-black/1003328.p?id=1219460768678&skuId=1003328&cmp=RMXCC",
    "image": "http://img.bbystatic.com/BestBuy_US/images/products/1003/1003328_sa.jpg"
  },
  {
    "sku": 1003337,
    "name": "M-Audio - AM1 Cardioid Dynamic Microphone - Black/Gray",
    "type": "HardGood",
    "price": 29.95,
    "upc": "694318009925",
    "category": [
      { "id": "abcat0207000", "name": "Musical Instruments" },
      { "id": "pcmcat152100050035", "name": "Microphones & Live Sound" },
      { "id": "pcmcat251600050003", "name": "Microphones & Accessories" },
      { "id": "pcmcat152100050038", "name": "Microphones" },
      { "id": "pcmcat221400050014", "name": "Dynamic" }
    ],
    "shipping": 5.99,
    "description": "M-AUDIO AM1 Cardioid Dynamic Microphone: For amplifying and recording vocals and instruments; dynamic design; cardioid pickup pattern; steel mesh, foam-lined head grille; die-cast, zinc-alloy housing",
    "manufacturer": "M-Audio",
    "model": "AM1",
    "url": "http://www.bestbuy.com/site/m-audio-am1-cardioid-dynamic-microphone-black-gray/1003337.p?id=1219460755566&skuId=1003337&cmp=RMXCC",
    "image": "http://img.bbystatic.com/BestBuy_US/images/products/1003/1003337_sa.jpg"
  },
  {
    "sku": 1003346,
    "name": "Elements Pack - Mac|Windows",
    "type": "Software",
    "price": 174.99,
    "upc": "802240127758",
    "category": [
      { "id": "abcat0207000", "name": "Musical Instruments" },
      { "id": "pcmcat152100050020", "name": "Recording Equipment" },
      { "id": "pcmcat152100050026", "name": "Sound Recording Software" }
    ],
    "shipping": 0,
    "description": "STEINBERG Elements Pack: Includes Cubase Elements 6 and WaveLab Elements 7 software; lets you produce music and edit audio on your Mac or PC",
    "manufacturer": "Steinberg",
    "model": "119706",
    "url": "http://www.bestbuy.com/site/elements-pack-macwindows/1003346.p?id=1219460763407&skuId=1003346CC",
    "image": "http://img.bbystatic.com/BestBuy_US/images/products/1003/1003346_sa.jpg"
  },
  {
    "sku": 1003364,
    "name": "IK Multimedia - iKlip Xpand Mini Microphone Stand Mount - Black",
    "type": "HardGood",
    "price": 39.99,
    "upc": "888680029074",
    "category": [
      { "id": "abcat0207000", "name": "Musical Instruments" },
      { "id": "pcmcat152100050020", "name": "Recording Equipment" },
      { "id": "pcmcat205700050037", "name": "Recording Furniture & Stands" },
      { "id": "pcmcat251600050005", "name": "Recording & Music Stands" }
    ],
    "shipping": 0,
    "description": "IK MULTIMEDIA iKlip Xpand Mini Microphone Stand Mount: Compatible with select Apple iPhone and iPod touch models and most smartphones with 3.5\" to 6\" screens; rubberized Gorilla Grip technology; adjustable clamp; ball joint",
    "manufacturer": "IK Multimedia",
    "model": "IKLIPXPANDMN",
    "url": "http://www.bestbuy.com/site/ik-multimedia-iklip-xpand-mini-microphone-stand-mount-black/1003364.p?id=1219460775226&skuId=1003364CC",
    "image": "http://img.bbystatic.com/BestBuy_US/images/products/1003/1003364_rc.jpg"
  },
  {
    "sku": 1003373,
    "name": "Acoustic Rock TrackPak - Mac",
    "type": "Software",
    "price": 29.99,
    "upc": "884088157432",
    "category": [
      { "id": "abcat0207000", "name": "Musical Instruments" },
      { "id": "pcmcat152100050020", "name": "Recording Equipment" },
      { "id": "pcmcat152100050026", "name": "Sound Recording Software" }
    ],
    "shipping": 5.49,
    "description": "HAL LEONARD Acoustic Rock TrackPak: 12 acoustic Apple Loops; compatible with GarageBand; includes guitars, bass, drums and keyboard parts",
    "manufacturer": "Hal Leonard",
    "model": "631385",
    "url": "http://www.bestbuy.com/site/acoustic-rock-trackpak-mac/1003373.p?id=1219460754207&skuId=1003373CC",
    "image": "http://img.bbystatic.com/BestBuy_US/images/products/1003/1003373_sa.jpg"
  },
  {
    "sku": 1003415,
    "name": "Aquarius - Elvis Heartthrob Chunky Magnet - Black/White",
    "type": "HardGood",
    "price": 5.99,
    "upc": "840391103931",
    "category": [
      { "id": "pcmcat252700050006", "name": "Toys, Games & Drones" },
      { "id": "pcmcat244200050008", "name": "TV, Movie & Character Toys" },
      { "id": "pcmcat287400050019", "name": "More Pop Culture Merchandise" }
    ],
    "shipping": 5.49,
    "description": "AQUARIUS Elvis Heartthrob Chunky Magnet: Features a black-and-white photo of Elvis Presley; chunky design",
    "manufacturer": "Aquarius",
    "model": "95179",
    "url": "http://www.bestbuy.com/site/aquarius-elvis-heartthrob-chunky-magnet-black-white/1003415.p?id=1219460773094&skuId=1003415CC",
    "image": "http://img.bbystatic.com/BestBuy_US/images/products/1003/1003415_sa.jpg"
  },
  {
    "sku": 1003424,
    "name": "Aquarius - Elvis Presley Jailhouse Rock 1,000-Piece Jigsaw Puzzle - Black/White/Red/Yellow/Blue/Green/Orange",
    "type": "HardGood",
    "price": 15.99,
    "upc": "840391103825",
    "category": [
      { "id": "pcmcat252700050006", "name": "Toys, Games & Drones" },
      { "id": "pcmcat244200050008", "name": "TV, Movie & Character Toys" },
      { "id": "pcmcat313400050000", "name": "Music Memorabilia" }
    ],
    "shipping": 5.99,
    "description": "AQUARIUS Elvis Presley Jailhouse Rock 1,000-Piece Jigsaw Puzzle: 1,000 pieces; features Elvis on the set of the iconic film; measures 12\" x 36\" when completed",
    "manufacturer": "Aquarius",
    "model": "73022",
    "url": "http://www.bestbuy.com/site/aquarius-elvis-presley-jailhouse-rock-1000-piece-jigsaw-puzzle-black-white-red-yellow-blue-green-orange/1003424.p?id=1219460761303&skuId=1003424CC",
    "image": "http://img.bbystatic.com/BestBuy_US/images/products/1003/1003424_sa.jpg"
  },
  {
    "sku": 1003433,
    "name": "Pro Tools Tier 3 Audio Plug-In for PC and Mac Activation Card - Windows|Mac",
    "type": "Software",
    "price": 499,
    "upc": "724643116040",
    "category": [
      { "id": "abcat0207000", "name": "Musical Instruments" },
      { "id": "pcmcat152100050020", "name": "Recording Equipment" },
      { "id": "pcmcat152100050026", "name": "Sound Recording Software" }
    ],
    "shipping": 0,
    "description": "AVID Pro Tools Tier 3 Audio Plug-In for PC and Mac Activation Card: Compatible with PC and Mac; redeemable for an Eleven, ReVibe, (TL) Space (DSP + native) or X-Form Avid Tier 3-level plug-in",
    "manufacturer": "Avid",
    "model": "99006543900",
    "url": "http://www.bestbuy.com/site/pro-tools-tier-3-audio-plug-in-for-pc-and-mac-activation-card-windowsmac/1003433.p?id=1219460754208&skuId=1003433CC",
    "image": "http://img.bbystatic.com/BestBuy_US/images/products/1003/1003433_sa.jpg"
  },
  {
    "sku": 1003451,
    "name": "Aquarius - Genesis Playing Cards - Yellow/Purple/Black/Red",
    "type": "HardGood",
    "price": 5.99,
    "upc": "840391101463",
    "category": [
      { "id": "pcmcat252700050006", "name": "Toys, Games & Drones" },
      { "id": "pcmcat244200050008", "name": "TV, Movie & Character Toys" },
      { "id": "pcmcat313400050000", "name": "Music Memorabilia" }
    ],
    "shipping": 5.49,
    "description": "AQUARIUS Genesis Playing Cards: 2.5\" x 3.5\" playing cards; linen-type finish",
    "manufacturer": "Aquarius",
    "model": "52275",
    "url": "http://www.bestbuy.com/site/aquarius-genesis-playing-cards-yellow-purple-black-red/1003451.p?id=1219460752589&skuId=1003451CC",
    "image": "http://img.bbystatic.com/BestBuy_US/images/products/1003/1003451_sa.jpg"
  },
  {
    "sku": 1003488,
    "name": "Korg - nanoKONTROL2 USB MIDI Controller - Black",
    "type": "HardGood",
    "price": 59.99,
    "upc": "884088605964",
    "category": [
      { "id": "abcat0207000", "name": "Musical Instruments" },
      { "id": "pcmcat152100050027", "name": "DJ & Lighting Equipment" },
      { "id": "pcmcat152100050031", "name": "DJ Console Systems" }
    ],
    "shipping": 0,
    "description": "KORG nanoKONTROL2 USB MIDI Controller: 2 USB ports; compatible with Mac, PC, Apple iPad, Korg microKEY, most computer-based DAWs and most music production software",
    "manufacturer": "Korg",
    "model": "K-06",
    "url": "http://www.bestbuy.com/site/korg-nanokontrol2-usb-midi-controller-black/1003488.p?id=1219460755218&skuId=1003488&cmp=RMXCC",
    "image": "http://img.bbystatic.com/BestBuy_US/images/products/1003/1003488_sa.jpg"
  },
  {
    "sku": 1003497,
    "name": "Aquarius - Rush Starman Chunky Magnet - Black/Red/White/Brown",
    "type": "HardGood",
    "price": 5.99,
    "upc": "840391103177",
    "category": [
      { "id": "pcmcat252700050006", "name": "Toys, Games & Drones" },
      { "id": "pcmcat244200050008", "name": "TV, Movie & Character Toys" },
      { "id": "pcmcat287400050019", "name": "More Pop Culture Merchandise" }
    ],
    "shipping": 5.49,
    "description": "AQUARIUS Rush Starman Chunky Magnet: Features Rush's Starman logo; chunky design",
    "manufacturer": "Aquarius",
    "model": "95159",
    "url": "http://www.bestbuy.com/site/aquarius-rush-starman-chunky-magnet-black-red-white-brown/1003497.p?id=1219460772082&skuId=1003497CC",
    "image": "http://img.bbystatic.com/BestBuy_US/images/products/1003/1003497_sa.jpg"
  },
  {
    "sku": 1003531,
    "name": "Aquarius - Rush Playing Cards - Red/Black/White",
    "type": "HardGood",
    "price": 5.99,
    "upc": "840391100671",
    "category": [
      { "id": "pcmcat252700050006", "name": "Toys, Games & Drones" },
      { "id": "pcmcat244200050008", "name": "TV, Movie & Character Toys" },
      { "id": "pcmcat313400050000", "name": "Music Memorabilia" }
    ],
    "shipping": 5.49,
    "description": "AQUARIUS Rush Playing Cards: 2.5\" x 3.5\" playing cards; linen-type finish",
    "manufacturer": "Aquarius",
    "model": "52290",
    "url": "http://www.bestbuy.com/site/aquarius-rush-playing-cards-red-black-white/1003531.p?id=1219460759315&skuId=1003531CC",
    "image": "http://img.bbystatic.com/BestBuy_US/images/products/1003/1003531_sa.jpg"
  },
  {
    "sku": 1003568,
    "name": "Aquarius - The Beatles Yellow Submarine 600-Piece Jigsaw Puzzle - Blue/Yellow/Red/White/Green/Pink",
    "type": "HardGood",
    "price": 15.99,
    "upc": "840391101555",
    "category": [
      { "id": "pcmcat252700050006", "name": "Toys, Games & Drones" },
      { "id": "pcmcat274200050008", "name": "Games, Puzzles & Cards" },
      { "id": "pcmcat274200050009", "name": "Puzzles" }
    ],
    "shipping": 5.49,
    "description": "AQUARIUS The Beatles Yellow Submarine 600-Piece Jigsaw Puzzle: 600 pieces; features the artwork of The Beatles' Yellow Submarine album; measures 20\" x 27\" when completed",
    "manufacturer": "Aquarius",
    "model": "75001",
    "url": "http://www.bestbuy.com/site/aquarius-the-beatles-yellow-submarine-600-piece-jigsaw-puzzle-blue-yellow-red-white-green-pink/1003568.p?id=1219460774340&skuId=1003568&cmp=RMXCC",
    "image": "http://img.bbystatic.com/BestBuy_US/images/products/1003/1003568_sa.jpg"
  },
  {
    "sku": 1003604,
    "name": "Alfred - Katy Perry: Teenage Dream Sheet Music - Pink/Blue",
    "type": "HardGood",
    "price": 17.99,
    "upc": "884088698072",
    "category": [
      { "id": "abcat0207000", "name": "Musical Instruments" },
      { "id": "pcmcat152200050014", "name": "Sheet Music & DVDs" },
      { "id": "pcmcat202800050013", "name": "Sheet Music" }
    ],
    "shipping": 5.49,
    "description": "ALFRED Katy Perry: Teenage Dream Sheet Music: Piano, vocal and guitar sheet music for Katy Perry's Teenage Dream",
    "manufacturer": "Alfred",
    "model": "701912",
    "url": "http://www.bestbuy.com/site/alfred-katy-perry-teenage-dream-sheet-music-pink-blue/1003604.p?id=1219460759196&skuId=1003604CC",
    "image": "http://img.bbystatic.com/BestBuy_US/images/products/1003/1003604_sa.jpg"
  },
  {
    "sku": 1003613,
    "name": "Classic Rock TrackPak - Mac",
    "type": "Software",
    "price": 29.95,
    "upc": "073999280326",
    "category": [
      { "id": "abcat0207000", "name": "Musical Instruments" },
      { "id": "pcmcat152100050020", "name": "Recording Equipment" },
      { "id": "pcmcat152100050026", "name": "Sound Recording Software" }
    ],
    "shipping": 5.49,
    "description": "HAL LEONARD Classic Rock TrackPak: Features 12 modern rock Apple Loops; compatible with GarageBand; includes complete songs, plus individual loops, beats, grooves and riffs for each song's instruments",
    "manufacturer": "Hal Leonard",
    "model": "740312",
    "url": "http://www.bestbuy.com/site/classic-rock-trackpak-mac/1003613.p?id=1219460758906&skuId=1003613CC",
    "image": "http://img.bbystatic.com/BestBuy_US/images/products/1003/1003613_sa.jpg"
  },
  {
    "sku": 1003622,
    "name": "Aquarius - Fender Stratocaster 1,000-Piece Jigsaw Puzzle - Black/Red/White/Yellow/Green/Orange/Blue",
    "type": "HardGood",
    "price": 15.99,
    "upc": "840391101524",
    "category": [
      { "id": "pcmcat252700050006", "name": "Toys, Games & Drones" },
      { "id": "pcmcat274200050008", "name": "Games, Puzzles & Cards" },
      { "id": "pcmcat274200050009", "name": "Puzzles" }
    ],
    "shipping": 5.99,
    "description": "AQUARIUS Fender Stratocaster 1,000-Piece Jigsaw Puzzle: 1,000 pieces; lets you show off your fandom for the guitar; measures 20\" x 27\" when completed",
    "manufacturer": "Aquarius",
    "model": "65236",
    "url": "http://www.bestbuy.com/site/aquarius-fender-stratocaster-1000-piece-jigsaw-puzzle-black-red-white-yellow-green-orange-blue/1003622.p?id=1219460752587&skuId=1003622CC",
    "image": "http://img.bbystatic.com/BestBuy_US/images/products/1003/1003622_sa.jpg"
  },
  {
    "sku": 1003631,
    "name": "IK Multimedia - iRig MIDI 2 Audio Interface - Black",
    "type": "HardGood",
    "price": 99.99,
    "upc": "888680030889",
    "category": [
      { "id": "abcat0207000", "name": "Musical Instruments" },
      { "id": "pcmcat152100050020", "name": "Recording Equipment" },
      { "id": "pcmcat152100050022", "name": "Audio Interfaces" }
    ],
    "shipping": 0,
    "description": "IK MULTIMEDIA iRig MIDI 2 Audio Interface: Compatible with Mac, PC and select iOS devices; MIDI input, output and thru jacks; USB and Lightning interface",
    "manufacturer": "IK Multimedia",
    "model": "IPIRIGMIDI2",
    "url": "http://www.bestbuy.com/site/ik-multimedia-irig-midi-2-audio-interface-black/1003631.p?id=1219460755045&skuId=1003631&cmp=RMXCC",
    "image": "http://img.bbystatic.com/BestBuy_US/images/products/1003/1003631_rc.jpg"
  },
  {
    "sku": 1003641,
    "name": "M. Night Shyamalan: The Last Airbender - Nintendo Wii",
    "type": "Game",
    "price": 19.99,
    "upc": "785138302515",
    "category": [
      { "id": "abcat0700000", "name": "Video Games" },
      { "id": "abcat0706000", "name": "Wii" },
      { "id": "abcat0706002", "name": "Wii Games" }
    ],
    "shipping": 3.99,
    "description": "Harness the power of Air and Fire as you join a quest for honor and power",
    "manufacturer": "THQ",
    "model": "30251",
    "url": "http://www.bestbuy.com/site/m-night-shyamalan-the-last-airbender-nintendo-wii/1003641.p?id=1218208317435&skuId=1003641&cmp=RMXCC",
    "image": "http://img.bbystatic.com/BestBuy_US/images/products/1003/1003641_500x500_sa.jpg"
  },
  {
    "sku": 1003659,
    "name": "M-Audio - Keystation Mini 32 II 32-Key USB MIDI Keyboard Controller - Black/White",
    "type": "HardGood",
    "price": 99.95,
    "upc": "694318015858",
    "category": [
      { "id": "abcat0207000", "name": "Musical Instruments" },
      { "id": "pcmcat151600050037", "name": "Keyboards" },
      { "id": "pcmcat151600050039", "name": "Midi Keyboards & Controllers" }
    ],
    "shipping": 0,
    "description": "M-AUDIO Keystation Mini 32 II 32-Key USB MIDI Keyboard Controller: Ignite and Ableton Live Lite software; USB MIDI connectivity; pitch-bend, modulation and octave controls; 32 velocity-sensitive synth-action keys",
    "manufacturer": "M-Audio",
    "model": "117487",
    "url": "http://www.bestbuy.com/site/m-audio-keystation-mini-32-ii-32-key-usb-midi-keyboard-controller-black-white/1003659.p?id=1219460760217&skuId=1003659&cmp=RMXCC",
    "image": "http://img.bbystatic.com/BestBuy_US/images/products/1003/1003659_sa.jpg"
  },
  {
    "sku": 1003668,
    "name": "Aquarius - The Beatles Street 1,000-Piece Jigsaw Puzzle - Black/White/Brown",
    "type": "HardGood",
    "price": 15.99,
    "upc": "840391103801",
    "category": [
      { "id": "pcmcat252700050006", "name": "Toys, Games & Drones" },
      { "id": "pcmcat274200050008", "name": "Games, Puzzles & Cards" },
      { "id": "pcmcat274200050009", "name": "Puzzles" }
    ],
    "shipping": 5.99,
    "description": "AQUARIUS The Beatles Street 1,000-Piece Jigsaw Puzzle: 1,000 pieces; features an image of The Beatles walking down the street; measures 20\" x 27\" when completed",
    "manufacturer": "Aquarius",
    "model": "65238",
    "url": "http://www.bestbuy.com/site/aquarius-the-beatles-street-1000-piece-jigsaw-puzzle-black-white-brown/1003668.p?id=1219460763580&skuId=1003668&cmp=RMXCC",
    "image": "http://img.bbystatic.com/BestBuy_US/images/products/1003/1003668_sa.jpg"
  },
  {
    "sku": 1004002,
    "name": "Canon - EOS Rebel T5 DSLR Camera with 18-55mm and 75-300mm Lenses - Black",
    "type": "HardGood",
    "price": 749.99,
    "upc": "660685134881",
    "category": [
      { "id": "abcat0400000", "name": "Cameras & Camcorders" },
      { "id": "abcat0401000", "name": "Digital Cameras" },
      { "id": "abcat0401005", "name": "Digital SLR Cameras" },
      { "id": "pcmcat180400050000", "name": "DSLR Body & Lens" }
    ],
    "shipping": 0,
    "description": "18.0-megapixel APS-C CMOS sensorISO 100-6400, expandable to 12,800Shooting speeds up to 3 fpsFull high-definition movie mode",
    "manufacturer": "Canon",
    "model": "9126B069",
    "url": "http://www.bestbuy.com/site/canon-eos-rebel-t5-dslr-camera-with-18-55mm-and-75-300mm-lenses-black/1004002.p?id=1219459331617&skuId=1004002&cmp=RMXCC",
    "image": "http://img.bbystatic.com/BestBuy_US/images/products/1004/1004002_sa.jpg"
  },
  {
    "sku": 1004622,
    "name": "Sniper: Ghost Warrior - Xbox 360",
    "type": "Game",
    "price": 19.99,
    "upc": "897749002569",
    "category": [
      { "id": "abcat0700000", "name": "Video Games" },
      { "id": "abcat0701000", "name": "Xbox 360" },
      { "id": "abcat0701002", "name": "Xbox 360 Games" }
    ],
    "shipping": 3.99,
    "description": "Control the power of death as you ghost through the jungle",
    "manufacturer": "City Interactive",
    "model": "8047365",
    "url": "http://www.bestbuy.com/site/sniper-ghost-warrior-xbox-360/1004622.p?id=1218207306495&skuId=1004622&cmp=RMXCC",
    "image": "http://img.bbystatic.com/BestBuy_US/images/products/1004/1004622_sa.jpg"
  },
  {
    "sku": 1004668,
    "name": "GoPro - Camera Roll Bar Mount - Black",
    "type": "HardGood",
    "price": 29.99,
    "upc": "185323000132",
    "category": [
      { "id": "abcat0400000", "name": "Cameras & Camcorders" },
      { "id": "abcat0410022", "name": "Camcorder Accessories" },
      { "id": "pcmcat329700050009", "name": "Action Camcorder Accessories" },
      { "id": "pcmcat240500050057", "name": "Action Camcorder Mounts" }
    ],
    "shipping": 5.49,
    "description": "Compatible with most GoPro cameras; clamps to tubes or frames ranging from 1.4-2.5\" in diameter; pivoting orientation arms",
    "manufacturer": "GoPro",
    "model": "GRBM30",
    "url": "http://www.bestbuy.com/site/gopro-camera-roll-bar-mount-black/1004668.p?id=1218249515093&skuId=1004668&cmp=RMXCC",
    "image": "http://img.bbystatic.com/BestBuy_US/images/products/1004/1004668_rc.jpg"
  },
  {
    "sku": 1004695,
    "name": "GoPro - Camera Mount Accessory Kit - Black",
    "type": "HardGood",
    "price": 19.99,
    "upc": "185323000309",
    "category": [
      { "id": "abcat0400000", "name": "Cameras & Camcorders" },
      { "id": "abcat0410022", "name": "Camcorder Accessories" },
      { "id": "pcmcat329700050009", "name": "Action Camcorder Accessories" },
      { "id": "pcmcat240500050057", "name": "Action Camcorder Mounts" },
      { "id": "pcmcat329700050020", "name": "Handlebar/Seatpost Mounts" }
    ],
    "shipping": 5.49,
    "description": "Compatible with most GoPro cameras; includes a variety of camera mounting accessories",
    "manufacturer": "GoPro",
    "model": "AGBAG-001",
    "url": "http://www.bestbuy.com/site/gopro-camera-mount-accessory-kit-black/1004695.p?id=1218249514954&skuId=1004695&cmp=RMXCC",
    "image": "http://img.bbystatic.com/BestBuy_US/images/products/1004/1004695_rc.jpg"
  },
  {
    "sku": 1004804,
    "name": "GoPro - Chest Mount Harness - Black",
    "type": "HardGood",
    "price": 39.99,
    "upc": "185323000989",
    "category": [
      { "id": "abcat0400000", "name": "Cameras & Camcorders" },
      { "id": "abcat0410022", "name": "Camcorder Accessories" },
      { "id": "pcmcat329700050009", "name": "Action Camcorder Accessories" },
      { "id": "pcmcat240500050057", "name": "Action Camcorder Mounts" },
      { "id": "pcmcat329700050017", "name": "Chest Mounts" }
    ],
    "shipping": 0,
    "description": "Compatible with most GoPro cameras; one-size-fits-all adjustability",
    "manufacturer": "GoPro",
    "model": "GCHM30",
    "url": "http://www.bestbuy.com/site/gopro-chest-mount-harness-black/1004804.p?id=1218249514750&skuId=1004804&cmp=RMXCC",
    "image": "http://img.bbystatic.com/BestBuy_US/images/products/1004/1004804_rc.jpg"
  },
  {
    "sku": 1004831,
    "name": "GoPro - Ride HERO Handlebar Seatpost Mount - Black",
    "type": "HardGood",
    "price": 19.99,
    "upc": "185323000064",
    "category": [
      { "id": "abcat0400000", "name": "Cameras & Camcorders" },
      { "id": "abcat0410022", "name": "Camcorder Accessories" },
      { "id": "pcmcat329700050009", "name": "Action Camcorder Accessories" },
      { "id": "pcmcat240500050057", "name": "Action Camcorder Mounts" },
      { "id": "pcmcat329700050020", "name": "Handlebar/Seatpost Mounts" }
    ],
    "shipping": 5.49,
    "description": "Compatible with most GoPro cameras; clamps on tubes 3/4\" - 1-1/2\" in diameter; pivoting orientation arms with 3-way adjustability",
    "manufacturer": "GoPro",
    "model": "GRH30",
    "url": "http://www.bestbuy.com/site/gopro-ride-hero-handlebar-seatpost-mount-black/1004831.p?id=1218249515161&skuId=1004831&cmp=RMXCC",
    "image": "http://img.bbystatic.com/BestBuy_US/images/products/1004/1004831_rc.jpg"
  },
  {
    "sku": 1005118,
    "name": "American DJ - Dura Clamp",
    "type": "HardGood",
    "price": 9.99,
    "upc": "640282015868",
    "category": [
      { "id": "abcat0207000", "name": "Musical Instruments" },
      { "id": "pcmcat152100050020", "name": "Recording Equipment" },
      { "id": "pcmcat205700050037", "name": "Recording Furniture & Stands" },
      { "id": "pcmcat251600050005", "name": "Recording & Music Stands" }
    ],
    "shipping": 5.49,
    "description": "From our expanded online assortment; designed for use with the Dura Truss system; supports lighting fixtures up to 20 lbs.; fits 1/2\" truss rods",
    "manufacturer": "American DJ",
    "model": "Dura Clamp",
    "url": "http://www.bestbuy.com/site/american-dj-dura-clamp/1005118.p?id=1218207308279&skuId=1005118CC",
    "image": "http://img.bbystatic.com/BestBuy_US/images/products/1005/1005118_sa.jpg"
  },
  {
    "sku": 1005181,
    "name": "American DJ - 20\" Glass Mirror Ball",
    "type": "HardGood",
    "price": 89.99,
    "upc": "640282034272",
    "category": [
      { "id": "abcat0207000", "name": "Musical Instruments" },
      { "id": "pcmcat152100050027", "name": "DJ & Lighting Equipment" },
      { "id": "pcmcat152100050032", "name": "DJ Lighting & Effects" }
    ],
    "shipping": 0,
    "description": "Compatible with M-101 and M-103 mirror ball motors; glass material",
    "manufacturer": "American DJ",
    "model": "M-2020",
    "url": "http://www.bestbuy.com/site/american-dj-20-glass-mirror-ball/1005181.p?id=1218207307176&skuId=1005181CC",
    "image": "http://img.bbystatic.com/BestBuy_US/images/products/1005/1005181_sa.jpg"
  },
  {
    "sku": 1005215,
    "name": "American DJ - Elation 4-Channel Chase Controller - Black",
    "type": "HardGood",
    "price": 59.99,
    "upc": "640282052917",
    "category": [
      { "id": "abcat0207000", "name": "Musical Instruments" },
      { "id": "pcmcat152100050027", "name": "DJ & Lighting Equipment" },
      { "id": "pcmcat152100050032", "name": "DJ Lighting & Effects" }
    ],
    "shipping": 0,
    "description": "From our expanded online assortment; instant sound-to-light chase; timed, audio and chase modes; built-in microphone",
    "manufacturer": "American DJ",
    "model": "T4",
    "url": "http://www.bestbuy.com/site/american-dj-elation-4-channel-chase-controller-black/1005215.p?id=1218207312107&skuId=1005215CC",
    "image": "http://img.bbystatic.com/BestBuy_US/images/products/1005/1005215_sa.jpg"
  },
  {
    "sku": 1005288,
    "name": "American DJ - Color Gel Filter (4-Pack)",
    "type": "HardGood",
    "price": 12.99,
    "upc": "640282014441",
    "category": [
      { "id": "abcat0207000", "name": "Musical Instruments" },
      { "id": "pcmcat152100050027", "name": "DJ & Lighting Equipment" },
      { "id": "pcmcat152100050032", "name": "DJ Lighting & Effects" }
    ],
    "shipping": 5.49,
    "description": "Designed for use with most Par-56 can gel frames; red, blue, yellow and green gel filters",
    "manufacturer": "American DJ",
    "model": "CGS-8A",
    "url": "http://www.bestbuy.com/site/american-dj-color-gel-filter-4-pack/1005288.p?id=1218207302583&skuId=1005288CC",
    "image": "http://img.bbystatic.com/BestBuy_US/images/products/1005/1005288_sa.jpg"
  },
  {
    "sku": 1005297,
    "name": "American DJ - Crystal Bright Accent Strip CW LED Strip (4-Pack) - White",
    "type": "HardGood",
    "price": 39.99,
    "upc": "640282000734",
    "category": [
      { "id": "abcat0207000", "name": "Musical Instruments" },
      { "id": "pcmcat152100050027", "name": "DJ & Lighting Equipment" },
      { "id": "pcmcat152100050032", "name": "DJ Lighting & Effects" }
    ],
    "shipping": 0,
    "description": "From our expanded online assortment; 4 self-adhesive strips; cool white LEDs; AC adapter",
    "manufacturer": "American DJ",
    "model": "Accent Strip Black CW",
    "url": "http://www.bestbuy.com/site/american-dj-crystal-bright-accent-strip-cw-led-strip-4-pack-white/1005297.p?id=1218207312036&skuId=1005297CC",
    "image": "http://img.bbystatic.com/BestBuy_US/images/products/1005/1005297_sa.jpg"
  },
  {
    "sku": 1005312,
    "name": "American DJ - Tripod Stand - Black",
    "type": "HardGood",
    "price": 44.99,
    "upc": "640282033763",
    "category": [
      { "id": "abcat0207000", "name": "Musical Instruments" },
      { "id": "pcmcat152100050020", "name": "Recording Equipment" },
      { "id": "pcmcat205700050037", "name": "Recording Furniture & Stands" },
      { "id": "pcmcat251600050005", "name": "Recording & Music Stands" }
    ],
    "shipping": 0,
    "description": "From our expanded online assortment; designed for use with most par cans, pin spots and lighting fixtures; extends up to 9'; collapsible design",
    "manufacturer": "American DJ",
    "model": "Lts-6",
    "url": "http://www.bestbuy.com/site/american-dj-tripod-stand-black/1005312.p?id=1218207306201&skuId=1005312CC",
    "image": "http://img.bbystatic.com/BestBuy_US/images/products/1005/1005312_sa.jpg"
  },
  {
    "sku": 1005358,
    "name": "American DJ - DMX Dimmer Pack",
    "type": "HardGood",
    "price": 199.99,
    "upc": "640282044301",
    "category": [
      { "id": "abcat0207000", "name": "Musical Instruments" },
      { "id": "pcmcat152100050027", "name": "DJ & Lighting Equipment" },
      { "id": "pcmcat152100050032", "name": "DJ Lighting & Effects" }
    ],
    "shipping": 0,
    "description": "From our expanded online assortment; digital display; LED indicators; 16 built-in chases; reversible mounting brackets",
    "manufacturer": "American DJ",
    "model": "DP-DMX20L",
    "url": "http://www.bestbuy.com/site/american-dj-dmx-dimmer-pack/1005358.p?id=1218207306104&skuId=1005358CC",
    "image": "http://img.bbystatic.com/BestBuy_US/images/products/1005/1005358_sa.jpg"
  },
  {
    "sku": 1005409,
    "name": "American DJ - 16\" Glass Mirror Ball",
    "type": "HardGood",
    "price": 54.99,
    "upc": "640282034180",
    "category": [
      { "id": "abcat0207000", "name": "Musical Instruments" },
      { "id": "pcmcat152100050027", "name": "DJ & Lighting Equipment" },
      { "id": "pcmcat152100050032", "name": "DJ Lighting & Effects" }
    ],
    "shipping": 0,
    "description": "From our expanded online assortment; compatible with M-101 and M-103 mirror ball motors; glass material",
    "manufacturer": "American DJ",
    "model": "M-1616",
    "url": "http://www.bestbuy.com/site/american-dj-16-glass-mirror-ball/1005409.p?id=1218207315272&skuId=1005409&cmp=RMXCC",
    "image": "http://img.bbystatic.com/BestBuy_US/images/products/1005/1005409_sa.jpg"
  },
  {
    "sku": 1005454,
    "name": "American DJ - Bubble Blast Bubble Machine",
    "type": "HardGood",
    "price": 299.99,
    "upc": "640282012997",
    "category": [
      { "id": "abcat0207000", "name": "Musical Instruments" },
      { "id": "pcmcat152100050027", "name": "DJ & Lighting Equipment" },
      { "id": "pcmcat152100050032", "name": "DJ Lighting & Effects" }
    ],
    "shipping": 0,
    "description": "Compatible with most types of bubble liquid; dual-fan lift system; drainage valve system; top-load filling container; remote; on/off switch; wheels and dual handles",
    "manufacturer": "American DJ",
    "model": "Bubble Blast",
    "url": "http://www.bestbuy.com/site/american-dj-bubble-blast-bubble-machine/1005454.p?id=1218207314448&skuId=1005454CC",
    "image": "http://img.bbystatic.com/BestBuy_US/images/products/1005/1005454_rc.jpg"
  },
  {
    "sku": 1005515,
    "name": "American DJ - 12\" Glass Mirror Ball",
    "type": "HardGood",
    "price": 25.99,
    "upc": "640282034128",
    "category": [
      { "id": "abcat0207000", "name": "Musical Instruments" },
      { "id": "pcmcat152100050027", "name": "DJ & Lighting Equipment" },
      { "id": "pcmcat152100050032", "name": "DJ Lighting & Effects" }
    ],
    "shipping": 8.49,
    "description": "From our expanded online assortment; glass material; portable",
    "manufacturer": "American DJ",
    "model": "M-1212",
    "url": "http://www.bestbuy.com/site/american-dj-12-glass-mirror-ball/1005515.p?id=1218207307351&skuId=1005515&cmp=RMXCC",
    "image": "http://img.bbystatic.com/BestBuy_US/images/products/1005/1005515_sa.jpg"
  },
  {
    "sku": 1005542,
    "name": "American DJ - Par 46 Can Kit - Black",
    "type": "HardGood",
    "price": 44.99,
    "upc": "640282010078",
    "category": [
      { "id": "abcat0207000", "name": "Musical Instruments" },
      { "id": "pcmcat152100050027", "name": "DJ & Lighting Equipment" },
      { "id": "pcmcat152100050032", "name": "DJ Lighting & Effects" }
    ],
    "shipping": 0,
    "description": "From our expanded online assortment; 200W lamp; 4 color gel filters; clamp; safety cable",
    "manufacturer": "American DJ",
    "model": "46 Black Combo",
    "url": "http://www.bestbuy.com/site/american-dj-par-46-can-kit-black/1005542.p?id=1218207310574&skuId=1005542CC",
    "image": "http://img.bbystatic.com/BestBuy_US/images/products/1005/1005542_sa.jpg"
  },
  {
    "sku": 1005667,
    "name": "American DJ - Elation Stage Pack",
    "type": "HardGood",
    "price": 499.99,
    "upc": "640282051361",
    "category": [
      { "id": "abcat0207000", "name": "Musical Instruments" },
      { "id": "pcmcat152100050027", "name": "DJ & Lighting Equipment" },
      { "id": "pcmcat152100050032", "name": "DJ Lighting & Effects" }
    ],
    "shipping": 0,
    "description": "From our expanded online assortment; 16-channel DMX controller; 2 XLR cables; two 4-channel dimmers",
    "manufacturer": "American DJ",
    "model": "Stage Pak 1",
    "url": "http://www.bestbuy.com/site/american-dj-elation-stage-pack/1005667.p?id=1218207310858&skuId=1005667CC",
    "image": "http://img.bbystatic.com/BestBuy_US/images/products/1005/1005667_sa.jpg"
  },
  {
    "sku": 1005694,
    "name": "American DJ - DMX Mirror Ball Motor",
    "type": "HardGood",
    "price": 129.99,
    "upc": "640282038324",
    "category": [
      { "id": "abcat0207000", "name": "Musical Instruments" },
      { "id": "pcmcat152100050027", "name": "DJ & Lighting Equipment" },
      { "id": "pcmcat152100050032", "name": "DJ Lighting & Effects" }
    ],
    "shipping": 0,
    "description": "From our expanded online assortment; designed for use with most mirror balls up to 20\"; 2 DMX channels; circuit breaker protection",
    "manufacturer": "American DJ",
    "model": "MB DMX II",
    "url": "http://www.bestbuy.com/site/american-dj-dmx-mirror-ball-motor/1005694.p?id=1218207313618&skuId=1005694CC",
    "image": "http://img.bbystatic.com/BestBuy_US/images/products/1005/1005694_rc.jpg"
  },
  {
    "sku": 1005721,
    "name": "American DJ - 5' CD Data Cable - Gray",
    "type": "HardGood",
    "price": 13.99,
    "upc": "640282015844",
    "category": [
      { "id": "abcat0207000", "name": "Musical Instruments" },
      { "id": "abcat0208024", "name": "Musical Instrument Accessories" },
      { "id": "pcmcat152100050033", "name": "DJ Equipment Accessories" }
    ],
    "shipping": 5.49,
    "description": "Compatible with most dual CD players with an 8-pin to 8-pin connection; replacement cable",
    "manufacturer": "American DJ",
    "model": "CDD5",
    "url": "http://www.bestbuy.com/site/american-dj-5-cd-data-cable-gray/1005721.p?id=1218207302785&skuId=1005721CC",
    "image": "http://img.bbystatic.com/BestBuy_US/images/products/1005/1005721_sa.jpg"
  },
  {
    "sku": 1005758,
    "name": "American DJ - Dekker LED Effects Light - Black",
    "type": "HardGood",
    "price": 169.99,
    "upc": "640282000994",
    "category": [
      { "id": "abcat0207000", "name": "Musical Instruments" },
      { "id": "pcmcat152100050027", "name": "DJ & Lighting Equipment" },
      { "id": "pcmcat152100050032", "name": "DJ Lighting & Effects" }
    ],
    "shipping": 0,
    "description": "From our expanded online assortment; colored beams and 40 lenses; 3-button DMX LED menu; strobe effect; hanging bracket",
    "manufacturer": "American DJ",
    "model": "Dekker Led",
    "url": "http://www.bestbuy.com/site/american-dj-dekker-led-effects-light-black/1005758.p?id=1218207311754&skuId=1005758CC",
    "image": "http://img.bbystatic.com/BestBuy_US/images/products/1005/1005758_sa.jpg"
  },
  {
    "sku": 1005794,
    "name": "American DJ - Par 56 Can Kit - Black",
    "type": "HardGood",
    "price": 49.99,
    "upc": "640282010085",
    "category": [
      { "id": "abcat0207000", "name": "Musical Instruments" },
      { "id": "pcmcat152100050027", "name": "DJ & Lighting Equipment" },
      { "id": "pcmcat152100050032", "name": "DJ Lighting & Effects" }
    ],
    "shipping": 0,
    "description": "From our expanded online assortment; 300W lamp; 4 color gel filters; clamp; safety cable",
    "manufacturer": "American DJ",
    "model": "56 Black Combo",
    "url": "http://www.bestbuy.com/site/american-dj-par-56-can-kit-black/1005794.p?id=1218207304604&skuId=1005794CC",
    "image": "http://img.bbystatic.com/BestBuy_US/images/products/1005/1005794_sa.jpg"
  },
  {
    "sku": 1005803,
    "name": "American DJ - Stage Tape - Black",
    "type": "HardGood",
    "price": 15.99,
    "upc": "640282052931",
    "category": [
      { "id": "abcat0207000", "name": "Musical Instruments" },
      { "id": "abcat0208024", "name": "Musical Instrument Accessories" },
      { "id": "pcmcat152100050033", "name": "DJ Equipment Accessories" }
    ],
    "shipping": 6.49,
    "description": "From our expanded online assortment; ideal for a variety of DJ applications; 2\" wide; no heavy residue",
    "manufacturer": "American DJ",
    "model": "Tape 2b",
    "url": "http://www.bestbuy.com/site/american-dj-stage-tape-black/1005803.p?id=1218207310997&skuId=1005803CC",
    "image": "http://img.bbystatic.com/BestBuy_US/images/products/1005/1005803_sa.jpg"
  },
  {
    "sku": 1005849,
    "name": "American DJ - 4\" Gaffers Tape - Black",
    "type": "HardGood",
    "price": 34.99,
    "upc": "640282022897",
    "category": [
      { "id": "abcat0207000", "name": "Musical Instruments" },
      { "id": "abcat0208024", "name": "Musical Instrument Accessories" },
      { "id": "pcmcat152100050033", "name": "DJ Equipment Accessories" }
    ],
    "shipping": 6.49,
    "description": "From our expanded online assortment; 4\" wide; 135' of tape; cloth-like structure",
    "manufacturer": "American DJ",
    "model": "GT4B",
    "url": "http://www.bestbuy.com/site/american-dj-4-gaffers-tape-black/1005849.p?id=1218207310042&skuId=1005849&cmp=RMXCC",
    "image": "http://img.bbystatic.com/BestBuy_US/images/products/1005/1005849_sa.jpg"
  },
  {
    "sku": 1005867,
    "name": "American DJ - 2\" Gaffers Tape - White",
    "type": "HardGood",
    "price": 20.99,
    "upc": "640282022880",
    "category": [
      { "id": "abcat0207000", "name": "Musical Instruments" },
      { "id": "abcat0208024", "name": "Musical Instrument Accessories" },
      { "id": "pcmcat152100050033", "name": "DJ Equipment Accessories" }
    ],
    "shipping": 5.99,
    "description": "From our expanded online assortment; 2\" wide; 135' of tape; cloth-like structure",
    "manufacturer": "American DJ",
    "model": "GT2W",
    "url": "http://www.bestbuy.com/site/american-dj-2-gaffers-tape-white/1005867.p?id=1218207306630&skuId=1005867&cmp=RMXCC",
    "image": "http://img.bbystatic.com/BestBuy_US/images/products/1005/1005867_sa.jpg"
  },
  {
    "sku": 1005885,
    "name": "American DJ - 15-1/2' Flash Rope",
    "type": "HardGood",
    "price": 79.99,
    "upc": "640282021982",
    "category": [
      { "id": "abcat0207000", "name": "Musical Instruments" },
      { "id": "pcmcat152100050027", "name": "DJ & Lighting Equipment" },
      { "id": "pcmcat152100050032", "name": "DJ Lighting & Effects" }
    ],
    "shipping": 0,
    "description": "From our expanded online assortment; 12 flash capsules; rain-resistant; built-in hanging ring",
    "manufacturer": "American DJ",
    "model": "FLASH ROPE",
    "url": "http://www.bestbuy.com/site/american-dj-15-1-2-flash-rope/1005885.p?id=1218207314033&skuId=1005885CC",
    "image": "http://img.bbystatic.com/BestBuy_US/images/products/1005/1005885_sa.jpg"
  },
  {
    "sku": 1005894,
    "name": "American DJ - 3 RPM Mirror Ball Motor",
    "type": "HardGood",
    "price": 14.99,
    "upc": "640282034609",
    "category": [
      { "id": "abcat0207000", "name": "Musical Instruments" },
      { "id": "pcmcat152100050027", "name": "DJ & Lighting Equipment" },
      { "id": "pcmcat152100050032", "name": "DJ Lighting & Effects" }
    ],
    "shipping": 5.49,
    "description": "From our expanded online assortment; AC motor; 3 rpm; holds mirror balls up to 12\"",
    "manufacturer": "American DJ",
    "model": "M-HDAC8",
    "url": "http://www.bestbuy.com/site/american-dj-3-rpm-mirror-ball-motor/1005894.p?id=1218207311613&skuId=1005894CC",
    "image": "http://img.bbystatic.com/BestBuy_US/images/products/1005/1005894_sa.jpg"
  },
  {
    "sku": 1005903,
    "name": "American DJ - LED Color Panel - Black",
    "type": "HardGood",
    "price": 199.99,
    "upc": "640282001359",
    "category": [
      { "id": "abcat0207000", "name": "Musical Instruments" },
      { "id": "pcmcat152100050027", "name": "DJ & Lighting Equipment" },
      { "id": "pcmcat152100050032", "name": "DJ Lighting & Effects" }
    ],
    "shipping": 0,
    "description": "From our expanded online assortment; 288 LEDs; 7 DMX channel modes; 4 operational modes; strobe and dimming effects",
    "manufacturer": "American DJ",
    "model": "Profile Panel RGB",
    "url": "http://www.bestbuy.com/site/american-dj-led-color-panel-black/1005903.p?id=1218207315201&skuId=1005903CC",
    "image": "http://img.bbystatic.com/BestBuy_US/images/pac/products/1306/1306786803/1306786803_sa.jpg"
  },
  {
    "sku": 1005912,
    "name": "American DJ - 1 RPM Mirror Ball Motor",
    "type": "HardGood",
    "price": 14.99,
    "upc": "640282034005",
    "category": [
      { "id": "abcat0207000", "name": "Musical Instruments" },
      { "id": "pcmcat152100050027", "name": "DJ & Lighting Equipment" },
      { "id": "pcmcat152100050032", "name": "DJ Lighting & Effects" }
    ],
    "shipping": 5.49,
    "description": "From our expanded online assortment; AC motor; 1 rpm; holds mirror balls up to 16\"",
    "manufacturer": "American DJ",
    "model": "M-1-RPM",
    "url": "http://www.bestbuy.com/site/american-dj-1-rpm-mirror-ball-motor/1005912.p?id=1218207308006&skuId=1005912CC",
    "image": "http://img.bbystatic.com/BestBuy_US/images/products/1005/1005912_sa.jpg"
  },
  {
    "sku": 1005985,
    "name": "American DJ - Chase Controller Pack",
    "type": "HardGood",
    "price": 99.99,
    "upc": "640282000093",
    "category": [
      { "id": "abcat0207000", "name": "Musical Instruments" },
      { "id": "pcmcat152100050027", "name": "DJ & Lighting Equipment" },
      { "id": "pcmcat152100050032", "name": "DJ Lighting & Effects" }
    ],
    "shipping": 0,
    "description": "From our expanded online assortment; designed to chase LED and halogen par cans; 20 built-in programs; 7 preset scenes",
    "manufacturer": "American DJ",
    "model": "T20F",
    "url": "http://www.bestbuy.com/site/american-dj-chase-controller-pack/1005985.p?id=1218207316314&skuId=1005985&cmp=RMXCC",
    "image": "http://img.bbystatic.com/BestBuy_US/images/products/1005/1005985_rc.jpg"
  },
  {
    "sku": 1006029,
    "name": "American DJ - Par Can Kit - Black",
    "type": "HardGood",
    "price": 54.99,
    "upc": "640282010139",
    "category": [
      { "id": "abcat0207000", "name": "Musical Instruments" },
      { "id": "pcmcat152100050027", "name": "DJ & Lighting Equipment" },
      { "id": "pcmcat152100050032", "name": "DJ Lighting & Effects" }
    ],
    "shipping": 0,
    "description": "From our expanded online assortment; ideal for theaters, mobile entertainment and bands; 4 color gel filters; safety cable",
    "manufacturer": "American DJ",
    "model": "64 Combo Black",
    "url": "http://www.bestbuy.com/site/american-dj-par-can-kit-black/1006029.p?id=1218207302854&skuId=1006029CC",
    "image": "http://img.bbystatic.com/BestBuy_US/images/products/1006/1006029_sa.jpg"
  },
  {
    "sku": 1006038,
    "name": "American DJ - 8-Channel Switch Center",
    "type": "HardGood",
    "price": 99.99,
    "upc": "640282048293",
    "category": [
      { "id": "abcat0207000", "name": "Musical Instruments" },
      { "id": "abcat0208024", "name": "Musical Instrument Accessories" },
      { "id": "pcmcat152100050033", "name": "DJ Equipment Accessories" }
    ],
    "shipping": 0,
    "description": "From our expanded online assortment; built-in power supply; 8 channels",
    "manufacturer": "American DJ",
    "model": "SC8 SYSTEM",
    "url": "http://www.bestbuy.com/site/american-dj-8-channel-switch-center/1006038.p?id=1218207312804&skuId=1006038CC",
    "image": "http://img.bbystatic.com/BestBuy_US/images/products/1006/1006038_sa.jpg"
  },
  {
    "sku": 1006046,
    "name": "VocoPro - TabletOke Digital Karaoke Mixer - Black/Gray",
    "type": "HardGood",
    "price": 149.99,
    "upc": "692868822537",
    "category": [
      { "id": "abcat0207000", "name": "Musical Instruments" },
      { "id": "abcat0207005", "name": "Karaoke" },
      { "id": "pcmcat251600050000", "name": "Karaoke Machines" }
    ],
    "shipping": 0,
    "description": "VOCOPRO TabletOke Digital Karaoke Mixer: Built-in Bluetooth music receiver; compatible with select smartphones, tablets and laptops with a 3.5mm (1/8\") jack; connects to karaoke player for CDG or DVD disc playback",
    "manufacturer": "VocoPro",
    "model": "TABLETOKE",
    "url": "http://www.bestbuy.com/site/vocopro-tabletoke-digital-karaoke-mixer-black-gray/1006046.p?id=1219460765652&skuId=1006046&cmp=RMXCC",
    "image": "http://img.bbystatic.com/BestBuy_US/images/products/1006/1006046_sa.jpg"
  },
  {
    "sku": 1006065,
    "name": "American DJ - 1 Gal. Bubble Juice",
    "type": "HardGood",
    "price": 19.99,
    "upc": "640282013031",
    "category": [
      { "id": "abcat0207000", "name": "Musical Instruments" },
      { "id": "pcmcat152100050027", "name": "DJ & Lighting Equipment" },
      { "id": "pcmcat152100050032", "name": "DJ Lighting & Effects" }
    ],
    "shipping": 9.99,
    "description": "From our expanded online assortment; designed for use in bubble machines; colorless; 1 gal.",
    "manufacturer": "American DJ",
    "model": "Bub/G",
    "url": "http://www.bestbuy.com/site/american-dj-1-gal-bubble-juice/1006065.p?id=1218207315613&skuId=1006065CC",
    "image": "http://img.bbystatic.com/BestBuy_US/images/products/1006/1006065_sa.jpg"
  }
]
